episode,cumulative_reward,success,episode_length,final_absolute_error,goal_angle,epsilon,mean_loss,terminated,truncated,elapsed_seconds
1,-104.03885188698769,0,150,1.0204905570316838,0.24367882032145705,1.0,nan,0,1,0.4724348109998573
2,-55.78037000419572,0,150,0.16726805001206368,-0.6038951845218055,0.985,nan,0,1,0.9520762499996636
3,2.795781190320845,1,75,0.02410077685640731,0.11700905111600901,0.970225,nan,1,0,1.1778989899999033
4,-66.97271669951732,0,150,0.7341445469728061,0.6489668427044994,0.955671625,0.16629954542105013,0,1,1.7010670429999664
5,-137.979408711195,0,150,1.3263096744093508,0.386883191428097,0.941336550625,0.03598739213931064,0,1,2.793090688999655
6,13.636863255762727,1,89,0.013671202170364105,-0.17968020434304877,0.927216502365625,0.04340940016436945,1,0,3.4135727129996667
7,-142.05280315876007,0,150,1.553899497072433,-0.21943329235818199,0.9133082548301407,0.05125641503681739,0,1,4.525809753999965
8,-37.83999250289053,0,150,0.9267954167114616,0.45987630701859783,0.8996086310076885,0.04705443527549505,0,1,5.575930419000088
9,2.7947606079280334,1,44,0.018891842781564194,0.7079059140326669,0.8861145015425732,0.037685482783920386,1,0,5.843311708999863
10,-155.9000460330397,0,150,1.6362438442540288,0.18522072768389253,0.8728227840194346,0.05009020979205767,0,1,7.045325722999678
11,-258.7763640880585,0,150,2.5045782297115826,-0.782196808697174,0.8597304422591431,0.042053042662640414,0,1,9.183983076999994
12,-214.3608891069889,0,150,2.264971666787993,-0.44407752852496785,0.8468344856252559,0.04847724378108978,0,1,11.409215974999825
13,-61.108417941257365,0,150,1.175147748000874,0.531603493527921,0.834131968340877,0.04136235229981442,0,1,12.836084734999986
14,-43.1456773063168,0,150,0.3935203890828356,0.3618016799416641,0.8216199888157638,0.04695783712901175,0,1,14.334951818999798
15,-37.57625166443175,0,150,0.058211250331606235,0.2946667250488668,0.8092956889835273,0.036903993481149276,0,1,15.735453801999938
16,-244.49240151047707,0,150,1.7425002728878802,-0.30558111909400837,0.7971562536487744,0.03318862328926722,0,1,17.239115627000047
17,-46.417670337390156,0,150,1.040306704212872,0.1403954538661829,0.7851989098440427,0.03835169315959017,0,1,18.624037038000097
18,-163.4754594564438,0,150,1.9640175575261076,-0.28114589967795767,0.773420926196382,0.02840925723624726,0,1,20.01049996499978
19,-207.2821261137724,0,150,1.1409557241090313,-0.20100114739577413,0.7618196123034363,0.03696458521919946,0,1,21.62080395799967
20,-53.55083646699786,0,150,0.14659627665001373,0.17491226697253048,0.7503923181188847,0.0277324076804022,0,1,23.33821105199968
21,17.11006467603147,1,13,0.03830333336251154,0.09612699503290822,0.7391364333471014,0.07484727954635254,1,0,23.443767123999805
22,6.300321948574849,1,125,0.03953244301216585,0.7095895243846457,0.7280493868468949,0.028372941184788943,1,0,24.538555341999654
23,6.656428150273859,1,33,0.004774427527637348,-0.7241736232584464,0.7171286460441915,0.03362112125438271,1,0,24.842508557999736
24,1.961658550851272,1,60,0.015898048350130978,0.6779742046974904,0.7063717163535286,0.030364593933336438,1,0,25.35142102000009
25,1.3223530924995437,0,150,0.09781926710720962,-0.13706960015639624,0.6957761406082257,0.04568150736391544,0,1,26.420728638999663
26,14.906025554053485,1,105,0.002434733608908203,-0.025013240245493784,0.6853394984991023,0.0364805151575378,1,0,27.25332299899992
27,22.578222300997002,1,23,0.007466129153965301,0.12859580034507978,0.6750594060216157,0.051662272044821926,1,0,27.48268869200001
28,24.20827582948841,1,92,0.015992490742342103,-0.19082424765577133,0.6649335149312915,0.040576006791999804,1,0,28.358203881999998
29,10.488893531262873,1,92,0.03662703683709473,-0.3945381161003157,0.6549595122073221,0.03661680580926654,1,0,29.097187621000103
30,11.878419397212566,1,24,0.002573504112039826,0.5405387751580801,0.6451351195242122,0.03194096214914074,1,0,29.2975040299998
31,17.849517450481653,1,8,0.018007872842922962,-0.011782097138891445,0.635458092731349,0.044356951024383307,1,0,29.3672428320001
32,9.202085484936834,1,62,0.00688150690097955,0.6310052295022517,0.6259262213403788,0.06172760535452154,1,0,29.912026991999937
33,14.013229420548305,1,22,0.004137599133916758,-0.4587333095580835,0.6165373280202731,0.04509767051786184,1,0,30.105563778000032
34,13.428349940711632,1,21,0.011130818266613662,0.4901304146519927,0.607289268099969,0.03188008602176394,1,0,30.256286606999765
35,17.722437789151446,1,37,0.018932016167905408,0.4574916936679889,0.5981799290784694,0.04996402420707651,1,0,30.523098325999854
36,14.901238947501406,1,26,0.016976809206643073,-0.12981905947148475,0.5892072301422924,0.04260578142622343,1,0,30.697637029999896
37,16.400086065288633,1,97,0.028022426524753508,0.6713638198029683,0.580369121690158,0.05286466510793597,1,0,31.31346971999983
38,17.114741191407667,1,41,0.013761527309791244,0.37838613014952616,0.5716635848648056,0.05227980794521367,1,0,31.6866669850001
39,20.827753184828907,1,21,0.03739573602538958,-0.1054187342309888,0.5630886310918335,0.0630706956698781,1,0,31.838928628999838
40,10.334079888300039,1,88,0.01992361828757172,0.796222003816424,0.554642301625456,0.049112699132158676,1,0,32.482644703000005
41,10.460183384548873,1,53,0.0335479995022796,-0.2937370882383974,0.5463226671010741,0.05129139202664483,1,0,32.81780526900002
42,14.54530145889148,1,23,0.014490885126673625,0.37135718228466486,0.538127827094558,0.05147160160476747,1,0,32.98221990100001
43,0.8567033294588311,0,150,0.027090029105347968,-0.7290832140624011,0.5300559096881396,0.06251158963888884,0,1,34.23432227500007
44,16.14640224063769,1,19,0.002666571527429884,0.18473970925725403,0.5221050710428176,0.06541321563877557,1,0,34.45877556999994
45,17.21827751484816,1,12,0.011121013406560451,0.113210288664512,0.5142734949771753,0.06656493122378986,1,0,34.561274323999896
46,17.30727553739562,1,46,0.032104452804937234,-0.47000750433623967,0.5065593925525177,0.05749810337210479,1,0,34.98237897199988
47,17.40191643296275,1,11,0.017010644786918522,0.12124342689605272,0.4989610016642299,0.06624410826374184,1,0,35.06188449599995
48,16.581013671308757,1,16,0.028630733267149155,-0.20426755225080473,0.49147658663926647,0.04852048901375383,1,0,35.27384569700007
49,16.03557733274065,1,16,0.027095376941751514,-0.3470671077314631,0.48410443783967744,0.06943711789790541,1,0,35.37809628500008
50,18.911226777080447,1,33,0.03536234473893729,0.1613828738961527,0.47684287127208225,0.06745054646197593,1,0,35.59917410599974
51,8.987145291478374,1,27,0.01090234017589653,0.776784602163608,0.469690228203001,0.07177548013903477,1,0,35.81202239899994
52,11.457531194528565,1,36,0.026112706383299544,-0.4165265191180755,0.462644874779956,0.05601932211882538,1,0,36.08764853299999
53,25.715252030250845,1,25,0.004150169847121056,0.06633041182526878,0.4557052016582566,0.050546597093343734,1,0,36.33028737199993
54,15.261942954780533,1,19,0.02956597579725334,0.3666704356026038,0.4488696236333828,0.07368871285335014,1,0,36.47576151599969
55,16.564324034424498,1,45,0.025450957905532534,0.27883744915493436,0.44213657927888206,0.06208805069327354,1,0,36.83727147899981
56,13.048701058141887,1,30,0.017682277666228097,0.7098488656188722,0.43550453058969885,0.06073318365961313,1,0,37.03768285599972
57,17.83804680672474,1,8,0.006549010008320682,0.009649079277431083,0.42897196263085335,0.08015097607858479,1,0,37.083613778999734
58,17.366563700712867,1,35,0.010701056192953029,0.5359706088032143,0.42253738319139056,0.07705533233072076,1,0,37.29639005299987
59,11.470778788230382,1,26,0.003749849389984794,0.7096520089768863,0.4161993224435197,0.07433245460001323,1,0,37.47535572900006
60,11.223993357922883,1,25,0.01139764408821653,-0.5440141679931141,0.4099563326068669,0.07099705040454865,1,0,37.67026174700004
61,16.26710914224386,1,15,0.03911415261178247,-0.29970682764328405,0.4038069876177639,0.09255317846934001,1,0,37.77004193199991
62,20.68082576682791,1,43,0.005740789124300538,0.541703699791257,0.39774988280349743,0.05784643103563508,1,0,38.03695539399996
63,12.625363061751704,1,29,0.003028023522622436,0.2211125337624713,0.391783634561445,0.07382363119515879,1,0,38.225387171999955
64,9.019096782058478,1,34,0.02258497204929888,0.7718525687413371,0.3859068800430233,0.07088310249588069,1,0,38.47491930099977
65,16.53759981980547,1,15,0.0151549518125762,0.23765747104041246,0.380118276842378,0.07373023691276709,1,0,38.585495807999905
66,9.100810902519152,1,31,0.00923598124951519,0.5695901077257519,0.3744165026897423,0.05044186433717128,1,0,38.76356325100005
67,17.434349945560097,1,10,0.03830319598288618,0.0699875982684468,0.3688002551493962,0.08494389057159424,1,0,38.848876951999955
68,11.372452508774586,1,25,0.003250204617699426,0.68878849841648,0.36326825132215523,0.06859232194721698,1,0,39.04532350499994
69,13.254264055425303,1,20,0.021477251833744382,-0.5541418304762674,0.3578192275523229,0.08921462716534734,1,0,39.164870960999906
70,13.233812847267837,1,22,0.03765645098829917,-0.6136655791877514,0.35245193913903805,0.06882547570223158,1,0,39.329467346
71,11.016297391336412,1,41,0.011843667765045751,-0.6870750299511066,0.34716516005195247,0.08235457266976194,1,0,39.62241383799983
72,13.981053002551198,1,22,0.01723786234196034,0.3646212392154964,0.34195768265117316,0.06494006277485327,1,0,39.774302889999944
73,15.828783967159689,1,17,0.025038367896493274,0.3237408387020484,0.33682831741140556,0.05862517786376616,1,0,39.88935141999991
74,14.304439350590108,1,19,0.030248320514889793,-0.5242083746058235,0.3317758926502345,0.08388662730392657,1,0,40.07949936899968
75,11.520838478114456,1,25,0.00420152710741617,0.6000188161181763,0.32679925426048095,0.08923447869718075,1,0,40.26216223399979
76,12.518192763440311,1,32,0.014927894376216,0.6891034314002702,0.3218972654465737,0.05976154806558043,1,0,40.52199680300009
77,10.156029353803023,1,25,0.007774276856529649,0.7299846389993758,0.3170688064648751,0.07835171528160573,1,0,40.70169392099979
78,16.418332868721336,1,32,0.029450584814230574,0.565986494840935,0.312312774367902,0.05912135646212846,1,0,40.91988036899966
79,16.45897154775448,1,16,0.0038374156949166627,0.21250529411124486,0.30762808275238346,0.08659285097382963,1,0,41.018260504999944
80,14.098307523643598,1,23,0.0019446628457205906,0.5205641231921931,0.3030136615110977,0.08111508563160896,1,0,41.182744479999656
81,15.38154532238841,1,23,0.024138981141413662,0.2917629811970295,0.29846845658843124,0.06375034509793572,1,0,41.343301884000084
82,14.228576110198627,1,20,0.013531248179992406,0.4564049824622687,0.2939914297396048,0.06485046735033392,1,0,41.49827768399973
83,11.981703771115281,1,25,0.005013889844222796,0.5627991737613969,0.28958155829351073,0.060869905427098275,1,0,41.68220429499979
84,6.332419156935066,1,31,0.03250101668831429,-0.7901182784501452,0.2852378349191081,0.06426017160617536,1,0,41.879613565
85,14.925220798049121,1,36,0.03240078328511642,-0.7000534916266029,0.28095926739532145,0.06406832250973417,1,0,42.121481732999655
86,16.286803901239182,1,17,0.008936882357884757,0.2546868814937078,0.2767448783843916,0.06556706557817318,1,0,42.236692176999895
87,29.162896770295625,1,88,0.006312213074044087,-0.18509380498722705,0.27259370520862575,0.06648474275557832,1,0,42.87850641999967
88,17.53682126555359,1,12,0.0035467024985965517,-0.07475136603226085,0.26850479963049634,0.06333668297156692,1,0,42.995301074000054
89,16.610806358268018,1,15,0.005612896125593875,0.23434164839445382,0.26447722763603887,0.0608063409725825,1,0,43.16121431900001
90,13.469672551238908,1,27,0.029210541925473343,-0.571837880888738,0.2605100692214983,0.06033615899030809,1,0,43.366560844000105
91,8.073261237842964,1,30,0.01109751185669794,0.7602420291018503,0.2566024181831758,0.0744791026537617,1,0,43.646231604999684
92,10.830320338532328,1,24,0.01977932760886847,0.7495559743728608,0.2527533819104282,0.053094332882513605,1,0,43.80460392799978
93,16.89712050142698,1,16,0.01533432039761154,0.07717185038219276,0.24896208118177174,0.0553756186272949,1,0,43.918324518999725
94,11.953390488494188,1,23,0.007535871962551677,-0.5960927665281072,0.24522764996404517,0.05780562029584595,1,0,44.106173190999925
95,12.859549260511994,1,21,0.009870378798964241,0.5730912825059655,0.2415492352145845,0.06587106840951103,1,0,44.27358596999966
96,19.755219343700446,1,18,0.008040214449281963,0.11699229502835329,0.23792599668636571,0.07406888674530718,1,0,44.437769124999704
97,17.351506622019222,1,13,0.03242734113230328,-0.1331799967426195,0.23435710673607021,0.07528304351636997,1,0,44.567550283999935
98,16.407155990869796,1,16,0.003999865250158552,0.2681920798969173,0.23084175013502917,0.071967440424487,1,0,44.75595584799976
99,14.71244027847424,1,20,0.008916740947856938,0.37807441182094137,0.22737912388300371,0.07468975950032472,1,0,44.937337469999875
100,9.379468163102864,1,36,0.01223452855849938,-0.7643358949513219,0.22396843702475866,0.057955598199947014,1,0,45.241787851000026
101,17.1148000301735,1,14,0.01188251285852368,-0.13868774439245235,0.22060891046938727,0.06174310576170683,1,0,45.37887518599973
102,14.768059137044474,1,18,0.010734745231502363,0.4684189439987807,0.21729977681234647,0.0530582278346022,1,0,45.59253605799995
103,17.232348897098564,1,12,0.002938789063409497,0.1610088905410043,0.21404028016016127,0.05691720638424158,1,0,45.71116615999972
104,14.51438257806003,1,18,0.00751452048655471,0.480806468380621,0.21082967595775884,0.06398846819582912,1,0,45.86246724200009
105,10.452895503630861,1,24,0.03116316245224726,0.7831786900971638,0.20766723081839245,0.05710625074182948,1,0,46.15394067399984
106,19.41429927609861,1,18,0.02309473083104563,0.21991879608324516,0.20455222235611656,0.0486479341569874,1,0,46.32801106599982
107,11.994606846646638,1,23,0.01873814145385544,-0.668758880231947,0.2014839390207748,0.059557452959858856,1,0,46.51551956200001
108,10.761272925138472,1,23,0.036802920279402906,-0.7922847295094224,0.19846167993546318,0.054974682143201,1,0,46.81822254400004
109,17.820122833224012,1,8,0.003531108361071308,-0.01312985206859274,0.19548475473643123,0.05685502360574901,1,0,46.87683965899987
110,14.429471218679101,1,19,0.002836606909146888,-0.4503476773628666,0.19255248341538475,0.058134342788865694,1,0,47.01221272099974
111,11.16035339278169,1,23,0.006123855464369665,0.6962860396869084,0.18966419616415398,0.07266487699487935,1,0,47.28499767199992
112,17.252115242532454,1,12,0.017307607331918023,0.13415464770169494,0.18681923322169167,0.07046607291946809,1,0,47.38409586899979
113,15.385314202308654,1,19,0.0025538470723462936,-0.30163227538935833,0.1840169447233663,0.060497629015069256,1,0,47.51938819499992
114,13.3863705849275,1,21,0.015254354158830807,-0.5780478332281428,0.1812566905525158,0.05703771540096828,1,0,47.80902873099967
115,15.237662985082716,1,18,0.01636612879235866,-0.3790532536663431,0.17853784019422808,0.04973340965807438,1,0,47.948973512000066
116,9.21956213065423,1,27,0.0030484910582199154,0.7506103479931534,0.17585977259131466,0.05276939176298954,1,0,48.28632312499985
117,14.591650005965494,1,18,0.0017183066302191574,0.4959057297105247,0.17322187600244493,0.04563000384304258,1,0,48.463677224000094
118,17.647498266911136,1,10,0.001226889476503304,0.08735987322833694,0.17062354786240824,0.05449668020009994,1,0,48.54486894599995
119,17.612126365490255,1,9,0.021534063855801373,-0.05022463016609158,0.16806419464447211,0.050000798578063645,1,0,48.640370853999684
120,11.783438071340788,1,23,0.007508701515034577,-0.6852515077098883,0.16554323172480503,0.05018877278527488,1,0,48.88384530099984
121,14.407619341934332,1,19,0.005280967907085099,0.4906257809874517,0.16306008324893295,0.05221247271095451,1,0,49.018964550999954
122,12.481036676676013,1,20,0.004241409670814433,-0.6831355528683029,0.16061418200019895,0.050320982560515405,1,0,49.26750153900002
123,17.44092696700245,1,9,0.027517131958992483,-0.05970927231589829,0.15820496927019595,0.04464110421637694,1,0,49.342419141999926
124,14.62267867256887,1,20,0.009228167226578932,0.3459860294783441,0.155831894731143,0.05181143544614315,1,0,49.476683748999676
125,13.449187333509325,1,20,0.015834165663404787,-0.6149530854943976,0.15349441631017585,0.057888862956315276,1,0,49.67435355799989
126,15.87440229798667,1,16,0.024834883492142912,-0.3676406739698818,0.15119200006552322,0.06100338138639927,1,0,49.84992008800009
127,17.75165645647794,1,8,0.014347811410109337,-0.037599645218259425,0.14892412006454037,0.0504286652430892,1,0,49.90810242899988
128,14.984263756731526,1,17,0.011824050233969152,0.4598696033644891,0.14669025826357227,0.043280144824701196,1,0,50.028428235999854
129,13.182418214017526,1,20,0.007443242974532249,-0.6360090658815587,0.14448990438961867,0.04011726193130016,1,0,50.258705257999736
130,14.261502917384496,1,19,0.00924794919660199,-0.5276329858845987,0.1423225558237744,0.03966917881840154,1,0,50.42453240299983
131,12.331934356340206,1,22,0.026201104526740737,-0.6907097437111318,0.14018771748641778,0.03938414334234866,1,0,50.63179526299973
132,9.599778993194922,1,27,0.003772063337175613,0.6732018799909603,0.13808490172412152,0.044261310111593316,1,0,50.867947163999816
133,17.473391139204615,1,12,0.0056727494756807495,0.10124801574266551,0.1360136281982597,0.042878538370132446,1,0,50.962718762999884
134,12.948204846680165,1,20,0.004565297156895798,0.6540745136225041,0.13397342377528582,0.039686364121735096,1,0,51.13047985000003
135,17.755449330061673,1,8,0.012889348867139199,-0.0224032812975945,0.13196382241865653,0.04104579659178853,1,0,51.206816163999974
136,15.46697117704898,1,17,0.002984134318996301,0.4173241107022949,0.12998436508237668,0.03905772560221307,1,0,51.35737373799975
137,11.957733740657568,1,23,0.007687046872367431,0.668911245831231,0.12803459960614103,0.03534718918735567,1,0,51.521230410000044
138,17.136250336651575,1,14,0.005970265087764937,0.12169016273307631,0.1261140806120489,0.040666661225259304,1,0,51.639477472999715
139,14.917913156095892,1,20,0.009619230105165133,0.4579668237628789,0.12422236940286817,0.04204144421964884,1,0,51.82817924799974
140,14.153045426832978,1,19,0.00041303499400136,-0.5344363515133421,0.12235903386182514,0.05834276091895605,1,0,51.99404462199982
141,11.745930936187506,1,22,0.008253592425744638,0.7223144519961402,0.12052364835389777,0.050640265880660576,1,0,52.16722017799975
142,11.379942172695884,1,22,0.00825004396206952,-0.771549345045806,0.1187157936285893,0.038952456871894275,1,0,52.41572366299988
143,15.03638551889453,1,19,0.024366508433137146,-0.44867504265769864,0.11693505672416046,0.037977451360539385,1,0,52.558090375999654
144,17.536198433395477,1,12,0.007491232809069534,0.07560709268196497,0.11518103087329805,0.03159506075705091,1,0,52.65982631499992
145,15.534808676270767,1,18,0.001960832570001292,-0.39327045508714226,0.11345331541019858,0.03643293637368414,1,0,52.83943485999998
146,12.73881363562541,1,20,0.008980998401397988,-0.646222439621647,0.11175151567904561,0.03304292699322105,1,0,53.01348337199988
147,17.83185026049614,1,8,0.021018718034337525,-0.021018718034337525,0.11007524294385992,0.03473624377511442,1,0,53.081721962999836
148,17.66760795675218,1,9,0.002131250107320841,0.050630582981326056,0.10842411429970203,0.03229735791683197,1,0,53.15521528999989
149,10.840112229737862,1,24,0.005665383842021088,0.756145996267314,0.1067977525852065,0.036223254554594554,1,0,53.448944286999904
150,16.489959875222848,1,15,0.01216973533352228,0.2544698733182742,0.10519578629642841,0.03731015821297964,1,0,53.60181051499967
151,17.842170368274672,1,8,0.0053592815129173445,0.009615832057768836,0.10361784950198198,0.03884124057367444,1,0,53.7252189159999
152,13.0446581535507,1,22,0.000772120711605373,0.5835669025547812,0.10206358175945225,0.03829127279194919,1,0,53.97798836799984
153,11.67307602034416,1,22,0.029528205914137406,-0.7450393783807865,0.10053262803306047,0.03817735485393892,1,0,54.180445444999805
154,13.39299053485738,1,20,0.00038764165550997376,0.6112673354359208,0.09902463861256457,0.04942333186045289,1,0,54.3915828260001
155,12.139430945855565,1,23,0.0007889009831711924,0.6953058212754748,0.09753926903337609,0.0391905360409747,1,0,54.64228679400003
156,14.801375846285373,1,18,0.009413262794665755,0.4777374991777972,0.09607617999787545,0.03341018449929026,1,0,54.88086696299979
157,16.38684207414044,1,15,0.0024126467186754152,0.27830179982829617,0.09463503729790732,0.037237463022271794,1,0,55.07266190599967
158,16.603813708364033,1,15,0.0009825464751790636,0.23493462988662084,0.0932155117384387,0.040672699982921286,1,0,55.3321783450001
159,9.631494802999077,1,25,0.0002714811351407498,0.7851739918066429,0.09181727906236212,0.036550415977835655,1,0,55.551355166999656
160,16.470630262978375,1,16,0.002514907991546883,-0.24594000012201234,0.09044001987642668,0.03589591023046523,1,0,55.74711845599995
161,15.04352880155202,1,19,0.005482776663656874,0.4495088790796258,0.08908341957828028,0.032971308811714777,1,0,55.93126220399972
162,17.644704414368608,1,9,0.0003066513325791914,0.05829614838269248,0.08774716828460608,0.032471182859606214,1,0,56.012878568999895
163,12.793416989594698,1,22,0.0071289324826835365,0.653096984155142,0.08643096076033699,0.03522881535305218,1,0,56.17069282800003
164,12.643880050512962,1,23,0.0005292404963554986,0.579215054413537,0.08513449634893193,0.038228670864001564,1,0,56.33008077899967
165,15.257614350225776,1,18,0.009118294550702344,-0.3579894393285441,0.08385747890369795,0.03947915985352463,1,0,56.46427679399994
166,11.88466262705624,1,23,0.006479566475048215,0.7267554662715552,0.08259961672014247,0.03448565417657728,1,0,56.62865138999996
167,15.851259728521109,1,17,0.003207485305530333,-0.3439280026773073,0.08136062246934034,0.04105311161016717,1,0,56.737016112999754
168,15.587124421400949,1,17,0.0201707509756891,0.35500648739536467,0.08014021313230023,0.055685770643108035,1,0,56.85254983799996
169,17.532528506126255,1,10,0.006972934035822331,-0.08526263193826045,0.07893810993531572,0.05007678754627705,1,0,56.92349926599991
170,17.140837024117353,1,13,0.005984004064992859,0.11608945206010346,0.07775403828628598,0.04401066383490196,1,0,57.01990589499974
171,16.61158270840533,1,14,0.010420055231861125,0.24137708588470774,0.07658772771199168,0.03867074195295572,1,0,57.119249727999886
172,11.892169370222836,1,23,0.00301406859586395,-0.6487910818301442,0.0754389117963118,0.04206181374257025,1,0,57.36026690299968
173,11.516193931712769,1,23,0.00115438759358244,0.6575338638822819,0.07430732811936713,0.04007129022932571,1,0,57.71369658599997
174,12.490404428042165,1,21,0.005068541210557331,0.6715795300826246,0.07319271819757663,0.04080053906710375,1,0,57.92347028899985
175,13.588275899714791,1,21,0.001683597115873403,0.5737253668678142,0.07209482742461297,0.04050209071664583,1,0,58.10589793200006
176,10.714416798361343,1,24,0.00019044851525262807,0.7687902713507524,0.07101340501324377,0.04646962780194978,1,0,58.29167340799995
177,16.366406482597814,1,15,0.010789003238105332,0.30094907401094106,0.06994820393804511,0.04160146887103717,1,0,58.39275476800003
178,13.15830990197137,1,21,0.0037647249892146517,0.6250275208761913,0.06889898087897443,0.035725398787430356,1,0,58.57451915399997
179,17.76610199995339,1,10,0.001649182680769315,-0.07209707000923893,0.06786549616578981,0.033614507876336575,1,0,58.66812167099988
180,16.888383088819683,1,14,0.008226663026656644,-0.19646566420484501,0.06684751372330296,0.035722860667322366,1,0,58.77794695400007
181,13.066930169053375,1,21,0.005375213798575529,0.6187799656172412,0.06584480101745341,0.04129152177345185,1,0,58.91397477999999
182,17.732959890726487,1,11,0.005130451998366592,0.06537310772672256,0.06485712900219161,0.0768942382525314,1,0,58.987680546999854
183,17.266333894361743,1,13,0.00012769335649348568,0.16404577823773125,0.06388427206715873,0.06273755746392104,1,0,59.06947434799986
184,16.36796707480098,1,15,0.00276745734842615,0.27524283114559034,0.06292600798615135,0.046073908482988674,1,0,59.17468827399989
185,17.865986022609285,1,8,0.004359467042729458,-0.005021070537131522,0.06198211786635908,0.05645702499896288,1,0,59.22796301900007
186,16.581178123567952,1,15,0.001623728470816932,0.2582549533467602,0.06105238609836369,0.05696575765808423,1,0,59.33890559299971
187,13.286088905925862,1,20,0.0010284458633110782,0.6100792756441844,0.060136600306888235,0.053609279543161394,1,0,59.52785511899992
188,10.926321023423224,1,23,0.004614061139198711,-0.7867840764688252,0.05923455130228491,0.04373915315322254,1,0,59.70613549299969
189,17.72187357470393,1,10,0.005925206155083185,0.07642876588017233,0.058346033032750634,0.056625932827591895,1,0,59.793040370999734
190,17.134081449219956,1,12,0.00248036967778692,0.12728886106967363,0.05747084253725938,0.048546932016809784,1,0,59.87213143100007
191,12.898657513118815,1,21,0.00551233091240777,-0.6487777720767355,0.05660877989920048,0.049782026293022294,1,0,60.067986738999934
192,14.198972984170542,1,21,0.007505809939177377,0.48067255409583587,0.055759648200712476,0.04737417799021516,1,0,60.23482510099984
193,17.986207296140492,1,8,0.0017240879406077436,-0.0017240879406077436,0.054923253477701786,0.05077396286651492,1,0,60.29204027299966
194,13.667949407186825,1,21,0.003689567730994492,0.5242124570668703,0.054099404675536256,0.044188005583626885,1,0,60.44353937799997
195,17.78731175288558,1,8,0.014865593904358813,-0.03575375311665352,0.05328791360540321,0.04376898403279483,1,0,60.494614399000056
196,17.313897638232447,1,12,0.004283522736407558,-0.1409727801938182,0.05248859490132216,0.04153171352421244,1,0,60.57779129699975
197,11.175885677523912,1,22,0.007476320598784447,-0.7757338356858297,0.05170126597780233,0.045902472074058925,1,0,60.76309484500007
198,16.66070939525962,1,14,0.0024801444765923386,0.2545827231886377,0.05092574698813529,0.05143433343619108,1,0,60.878297227000076
199,15.087299437518231,1,18,0.004418516901495362,-0.44712470119858455,0.05016186078331326,0.06787868258025911,1,0,60.99576045399999
200,12.743746275035663,1,20,0.01454149153378581,-0.6617432304700671,0.05,0.04972891882061958,1,0,61.11438813899986
201,17.76374877230264,1,9,0.0034955094549967702,-0.04723024409233434,0.05,0.05352282151579857,1,0,61.176833754999734
202,12.843878516484983,1,21,0.005714914555607797,-0.6525506712561783,0.05,0.053923742047377994,1,0,61.3489472010001
203,17.199891247600316,1,12,0.008303117846591823,-0.14794845171766813,0.05,0.05665662791579962,1,0,61.440008117999696
204,15.298455192707479,1,19,0.007740705084876509,-0.39614325213749313,0.05,0.0490455041198354,1,0,61.60290197799986
205,15.019807441183366,1,18,0.0011174132458218189,0.4137807951539709,0.05,0.0643437330921491,1,0,61.8101724170001
206,16.731168856215664,1,14,0.005203003607020307,0.2459673797805595,0.05,0.053633340767451694,1,0,61.94210660899989
207,11.719654054660351,1,23,0.0074343504897160795,0.7185865214866751,0.05,0.05435638607520124,1,0,62.14907367099977
208,14.94095567180775,1,18,0.006425431578050589,-0.47366811208511683,0.05,0.05163452008532153,1,0,62.308081667999886
209,17.669591620378196,1,10,0.011153402199091778,0.08165696192418093,0.05,0.05511299725621939,1,0,62.386380591000034
210,17.499540394358338,1,11,0.004917402244507915,0.10023651378060694,0.05,0.058288911188190635,1,0,62.4617415849998
211,15.58028062582016,1,18,0.012087813025013772,-0.39187978447010324,0.05,0.055758765588204064,1,0,62.58707573399988
212,17.63652547323145,1,10,0.0020829238448889648,-0.08884427760140545,0.05,0.05905180424451828,1,0,62.68118929299999
213,14.544366518978496,1,20,0.0010042247547411565,0.49369719370308096,0.05,0.05296026151627302,1,0,62.8348875329998
214,15.932468212908134,1,16,0.0017499187749460132,0.34557185785586175,0.05,0.07271511724684387,1,0,62.93422280999994
215,15.638954338151962,1,18,0.00525477364304705,0.39501507980959083,0.05,0.05862576742139128,1,0,63.046545353000056
216,16.87451773227658,1,14,0.0017261750411919907,-0.2379740728051093,0.05,0.0545572940526264,1,0,63.13348926399976
217,17.24908079558518,1,13,0.0007883790943513935,0.15956887759370542,0.05,0.057713257435422674,1,0,63.21182690999967
218,12.16466475778725,1,22,0.014602710939045749,0.6904698107192884,0.05,0.04924133149060336,1,0,63.342355490000045
219,16.614068377483637,1,15,0.002924551326480229,-0.25037858170280014,0.05,0.05242511133352915,1,0,63.43483148899986
220,13.91824436020106,1,20,0.027622521282262502,0.5448918822207949,0.05,0.05022919839248061,1,0,63.5550675720001
221,16.537970662052977,1,16,0.0002487299140971899,-0.26035694523140784,0.05,0.054391965619288385,1,0,63.66663809700003
222,16.85790943027532,1,14,0.004414258128925486,-0.1933539811085787,0.05,0.05847681885851281,1,0,63.74586202899991
223,16.34359105450567,1,15,0.003212690647462768,-0.295113680977912,0.05,0.05604628423849742,1,0,63.83688011100003
224,14.963115256733726,1,19,0.0005642639501783342,-0.471345743760549,0.05,0.05997909272187635,1,0,63.97284293899975
225,17.183545663859697,1,12,0.004645142321661258,0.12505313179343547,0.05,0.07001790342231591,1,0,64.05202525200002
226,11.568340879306197,1,23,0.0044698750801264175,0.7403069036721794,0.05,0.0604309037975643,1,0,64.20826393800007
227,16.506125534069724,1,16,0.00549087174642976,-0.30293927530655207,0.05,0.04814018192701042,1,0,64.30077859199992
228,17.23278654888272,1,13,0.007545569748674319,-0.17823420853241811,0.05,0.065941097214818,1,0,64.3833180659999
229,14.89663486815989,1,18,0.0002835994745307713,0.4511672098136088,0.05,0.07348203752189875,1,0,64.49532140199972
230,17.478095380304513,1,11,0.001619237197848039,-0.10537803802450563,0.05,0.08247916061769832,1,0,64.57678673300006
231,14.633664681529625,1,19,0.008263424996624191,-0.49250673683802726,0.05,0.06514315473798074,1,0,64.72119738299989
232,11.410492392617744,1,22,0.0011435821518539502,0.7617596453147786,0.05,0.05889956263655966,1,0,64.86953914600008
233,12.214143757009879,1,23,0.002186967210022095,0.6798709516306958,0.05,0.06703239719828834,1,0,65.00894285999993
234,14.15178010892123,1,20,0.006244091170111488,0.5153254000999814,0.05,0.07294249609112739,1,0,65.14343046799968
235,17.856867101369424,1,8,0.0064135207644578605,0.02138863433514404,0.05,0.0719138530548662,1,0,65.19574565799985
236,16.218882377631964,1,16,0.00658740916501277,0.31860946212913244,0.05,0.07504323404282331,1,0,65.29147345399997
237,9.90769315882353,1,25,0.0012975160899297844,-0.7191830785668158,0.05,0.06603907972574234,1,0,65.47950275099993
238,9.504830637818667,1,25,0.0017852963632811747,0.7960927845494723,0.05,0.07731980323791504,1,0,65.64455400099996
239,17.632252973178403,1,10,0.0025101739556079444,-0.08927152771212443,0.05,0.0681379683315754,1,0,65.79934258499998
240,16.348508468293584,1,19,0.0018471164759591707,0.19924649326918897,0.05,0.08313125597411081,1,0,65.90914708299988
241,15.584718660684302,1,16,0.003867703517559884,0.3930326097222585,0.05,0.05395146016962826,1,0,66.0055642530001
242,16.890106697520242,1,14,0.0028722166740575705,0.2082389359338952,0.05,0.07285483740270138,1,0,66.1006910369997
243,11.788200666662306,1,21,0.0048491911700944135,-0.7331598275382935,0.05,0.0866078461209933,1,0,66.25449336099973
244,17.32287653372623,1,12,0.014070804504682538,-0.11606084469558642,0.05,0.07258941854039828,1,0,66.33688659900008
245,13.72842773993034,1,21,0.0036701622828223535,0.5620782766214725,0.05,0.07805854365939185,1,0,66.54158527799973
246,15.66871500605557,1,16,0.002767737502029799,0.37343601071298194,0.05,0.086070112651214,1,0,66.64995774999988
247,13.790594042500015,1,20,0.008413314842442232,0.5485204419737442,0.05,0.0732897948473692,1,0,66.77615642599994
248,16.9372797107324,1,14,0.020713004704777216,-0.17158074741539675,0.05,0.06864166259765625,1,0,66.87334346099988
249,14.65669265743345,1,19,0.005508431401335834,-0.4910522356439964,0.05,0.06576285138726234,1,0,67.04674610799975
250,15.561046885419636,1,17,0.005761619324832157,0.37107602990925637,0.05,0.07267174004193615,1,0,67.1737450759997
251,16.321448238636368,1,15,0.004126049611306082,0.3076120276377403,0.05,0.0652308415621519,1,0,67.29005911500008
252,16.626876059593634,1,14,0.001116550301646757,0.23477834020377375,0.05,0.06938544674111265,1,0,67.39089702199999
253,13.858369766362012,1,19,0.008991612203093635,-0.5739465433445153,0.05,0.06582746233202909,1,0,67.51016762800009
254,16.51482621678151,1,15,0.00968516537738473,0.26310540999726695,0.05,0.06891516298055649,1,0,67.61202703299978
255,12.334995441138744,1,21,0.0067964480918397685,-0.6807198236903981,0.05,0.07348324606815974,1,0,67.7545534359997
256,17.569815648766234,1,8,0.0022978742612063605,0.027798961655655652,0.05,0.04742402071133256,1,0,67.81981144199972
257,16.052788937679725,1,16,0.002145428570689667,0.33918184370258686,0.05,0.07162225642241538,1,0,67.95765687199992
258,16.39503113038372,1,15,0.005418146624011022,0.27259214187000547,0.05,0.07708067372441292,1,0,68.05770879500005
259,17.333316248003392,1,12,0.00516718632855237,-0.15881494163077448,0.05,0.10118753152589004,1,0,68.14021990299989
260,15.384964516863693,1,17,0.0029573951018699307,0.41559406958556244,0.05,0.08956168011269149,1,0,68.25115522199985
261,13.826982498244615,1,22,0.004975650712158997,-0.45690812937495534,0.05,0.09713215313174507,1,0,68.38848135599983
262,17.51112546650693,1,11,0.0038642138463603065,0.09918332538245933,0.05,0.08260801315984943,1,0,68.47775656799968
263,15.906493646430317,1,16,0.005572446825830968,0.3443628934464744,0.05,0.08281419379636645,1,0,68.60539798899981
264,12.334112057974561,1,21,0.0033542069731862245,-0.7070549447778268,0.05,0.08575430388251941,1,0,68.74779357199986
265,16.69870128681068,1,15,0.009667551001205144,0.2126725274955723,0.05,0.08197245473663012,1,0,68.84480117199973
266,16.02437096077483,1,17,0.0026359396756543974,0.29814007082081484,0.05,0.07351999576477443,1,0,68.95135046999985
267,15.22579449522309,1,18,0.006184816495653167,-0.4263268204066867,0.05,0.07821543473336431,1,0,69.069558573
268,17.637949892293545,1,8,7.694757491522389e-05,0.02974859890854109,0.05,0.07745181722566485,1,0,69.1269473389998
269,13.736792469839566,1,20,0.0012485919585899508,-0.5589464923930937,0.05,0.0951429920271039,1,0,69.27792235399966
270,17.651276647938722,1,10,0.00019872431408418656,0.0789740786012757,0.05,0.09069955684244632,1,0,69.3399822829997
271,16.92504346645437,1,14,0.006073831911137084,0.21091587629712105,0.05,0.07710364939911026,1,0,69.44266412399975
272,12.590781121014151,1,21,0.0023773368063191302,0.6760674783816822,0.05,0.0727036056951398,1,0,69.5816325589999
273,14.88085749457823,1,18,0.0005873613150771395,0.45678017833777096,0.05,0.07280626375642088,1,0,69.70096189800006
274,11.09484165427275,1,22,0.014661075331679485,0.7944424741006741,0.05,0.09078956099057739,1,0,69.84192189499981
275,12.24686805298552,1,21,0.0043097996155476714,0.6948647674924473,0.05,0.08579561504579726,1,0,69.98406978599996
276,11.8049551395874,1,22,0.00038160993814173594,0.7342470497330111,0.05,0.07492232373492284,1,0,70.12852822099967
277,15.115416017768439,1,18,0.0048125451825271615,-0.4611809838918003,0.05,0.09843740094867018,1,0,70.24599200700004
278,14.121628808462992,1,19,0.025794189230928133,0.502217158414076,0.05,0.097198460055025,1,0,70.36773484099967
279,16.47535992129706,1,16,0.0057868722153421315,0.2540267126185971,0.05,0.08386696560773998,1,0,70.48287192899988
280,16.26215324664663,1,16,0.002547789678838508,-0.3061465311429526,0.05,0.09688774065580219,1,0,70.5871736199997
281,15.928307866654357,1,17,0.005501278324350434,-0.3538996454983792,0.05,0.09524863388608484,1,0,70.69265856499987
282,15.524735550722108,1,17,0.008373460143156042,-0.4094636233600131,0.05,0.08625631604124517,1,0,70.81658669599983
283,17.68700684779542,1,9,5.3777684879810495e-05,-0.050306864077934166,0.05,0.06898797096477614,1,0,70.88806219499975
284,11.983971656602808,1,21,0.011863669017403544,-0.7236977300718946,0.05,0.08258049261002313,1,0,71.04077847999997
285,16.810326855140737,1,15,0.014906245521236289,0.2194560573950357,0.05,0.10432940622170767,1,0,71.14486430999978
286,12.172855736594647,1,22,0.007335010769720429,0.684391557155213,0.05,0.11578930101611397,1,0,71.28675038899974
287,15.524684379901737,1,17,0.003255513195275783,-0.4187694915841078,0.05,0.08647615944637972,1,0,71.38639721699974
288,10.732560415478655,1,24,0.001126976461076512,0.7745134802578211,0.05,0.10729682336871822,1,0,71.56709266000007
289,16.54163821041584,1,14,0.0056066567176142335,-0.256017369366384,0.05,0.10368335406695094,1,0,71.652527448
290,13.7501803093357,1,20,0.009423720028864602,-0.5918378917783742,0.05,0.08072771979495882,1,0,71.7910292319998
291,12.632019942859188,1,20,0.008038268562419182,0.6704029248284327,0.05,0.09490774646401405,1,0,71.91700989999981
292,17.649199527013117,1,10,0.0008155192373018455,-0.08757687299381833,0.05,0.09576876126229764,1,0,71.99430533699979
293,16.505293873511256,1,15,0.013289317814596746,-0.275738739548231,0.05,0.10431072687109312,1,0,72.09170383999981
294,12.188213475740486,1,21,0.004816721739946406,0.7111860679021855,0.05,0.08432975908120473,1,0,72.22409636099974
295,11.187574813887476,1,22,0.005128033773908802,-0.7540197337698249,0.05,0.10449084013023159,1,0,72.34477336200007
296,15.123452500719576,1,17,0.0028630613048064024,0.4029064538090281,0.05,0.0996158399126109,1,0,72.46662128099979
297,16.163158512488007,1,16,0.015289671738025534,-0.3319002244534568,0.05,0.08419754193164408,1,0,72.58430848599983
298,14.260215712841454,1,18,0.0001269666479973841,0.5254179839244655,0.05,0.10234508994552824,1,0,72.69315485600009
299,16.96582248781342,1,13,0.0007112439752559319,0.17711574284172416,0.05,0.08714989114266175,1,0,72.77464546800002
300,17.08849433467294,1,13,1.7509452687608507e-05,0.15860218360431255,0.05,0.08366570077263392,1,0,72.8518882190001
301,14.961066982592456,1,18,0.0038319690759741065,0.45931096450203746,0.05,0.08728941954258415,1,0,72.96758598299994
302,16.32438406124711,1,15,0.0006779245926674671,0.3181161214332413,0.05,0.09824960753321647,1,0,73.0707918879998
303,15.77816976935137,1,18,0.0011460414602395552,0.2380715877922892,0.05,0.10865923576056957,1,0,73.22151938999968
304,15.1198736834398,1,18,0.001838193862072679,-0.4201454935416301,0.05,0.10626913255287541,1,0,73.3387371079998
305,16.022553183347917,1,16,0.0019164399886031913,-0.35123520691463705,0.05,0.09821527870371938,1,0,73.44784289900008
306,15.12400245189201,1,18,0.005528075229039031,-0.4604654538452884,0.05,0.10907422730492221,1,0,73.56722147499977
307,17.006179224571678,1,14,0.003177250845695173,-0.22663799830657738,0.05,0.11101072068725314,1,0,73.65884497199977
308,13.14290132958995,1,20,0.0005593734823406971,0.6351697118353206,0.05,0.08840150032192469,1,0,73.82747983799982
309,16.669187338429037,1,16,0.000658503759862511,0.23336023486993018,0.05,0.09293399995658547,1,0,73.93838123199976
310,15.982363251410424,1,16,0.009124306498854873,-0.35225736041800054,0.05,0.09305812965612859,1,0,74.04844959899992
311,14.554380323839723,1,19,0.0006682220910414483,0.46160825534001493,0.05,0.10207613773251835,1,0,74.19444265499988
312,16.895210913446498,1,13,0.00023831919327019224,0.19153405566208315,0.05,0.08492585844718493,1,0,74.27601493899965
313,14.44412696933723,1,20,0.004624701967191169,-0.46445709933102164,0.05,0.08674536822363735,1,0,74.40120270999978
314,16.00607920307666,1,16,0.015738876220025566,-0.35356865859691705,0.05,0.09947296499740332,1,0,74.50651412299976
315,15.975228326022625,1,16,0.01677590855739508,-0.3505178322549336,0.05,0.10941335232928395,1,0,74.60440832999984
316,17.157269309647383,1,13,0.0043226269623320435,0.1713109618959301,0.05,0.10317673204609981,1,0,74.68754437500002
317,17.575111035164447,1,11,0.008611882735686388,-0.08806928712926376,0.05,0.09122215617786754,1,0,74.74624796199987
318,12.392606190452353,1,20,0.002325028029018794,0.6812533203095499,0.05,0.11214594449847937,1,0,74.87155853900003
319,16.176151793636382,1,17,0.003011733785068027,-0.18941249671619487,0.05,0.09384567246717565,1,0,74.9761569719999
320,13.288081360887736,1,21,0.008735413253798896,-0.574557562265685,0.05,0.11292172382984843,1,0,75.09634357300001
321,12.041563846240752,1,21,0.0010714063421571884,0.7208896059867465,0.05,0.12635245458001182,1,0,75.23172588299985
322,12.17071566907689,1,21,0.004154556303129442,-0.7125673508060898,0.05,0.09371209135722547,1,0,75.3633043320001
323,15.231929293624125,1,17,0.008557440379576842,0.41465174000562666,0.05,0.09527276007129866,1,0,75.49770203499975
324,13.988308285456151,1,19,0.0011067055644290447,-0.5707129981253858,0.05,0.07710848983965422,1,0,75.61417786899983
325,17.049090051685926,1,13,0.0008369406089382692,-0.2018410299944874,0.05,0.11708770219523174,1,0,75.68933195199997
326,16.425383168272674,1,15,0.003842739283125396,-0.2798281427501891,0.05,0.08777465137342612,1,0,75.78822533499988
327,14.713084309571423,1,19,0.0060555545467642635,0.47718334226602455,0.05,0.1202060448888101,1,0,75.88754594400007
328,14.27335808929056,1,19,0.005848985938443851,0.5289696765490823,0.05,0.08415257930755615,1,0,76.0219701369997
329,16.539385054656304,1,16,0.003596124452136973,-0.27735177802220756,0.05,0.10546726686879992,1,0,76.1553119299997
330,16.082249484304338,1,16,0.004665067648091437,0.32119420416631117,0.05,0.10762438387610018,1,0,76.2832143339997
331,12.34479405824095,1,22,0.010215240656170521,0.7056100460065557,0.05,0.08906216648491946,1,0,76.42723322699976
332,12.995130274258553,1,21,0.004148610244095741,-0.6069335815476754,0.05,0.11103312192218644,1,0,76.55457253899976
333,12.26595919923857,1,21,0.0018698744977436732,0.6880465195641945,0.05,0.11370919591614179,1,0,76.70140659899971
334,17.831381999177392,1,8,0.01481853504450574,-0.042130085316948396,0.05,0.09693327965214849,1,0,76.74710858899971
335,16.327242144732736,1,15,0.00512385624553624,-0.2951720905290206,0.05,0.1152221808830897,1,0,76.84010405599975
336,17.485502026230098,1,11,0.007088792615247488,0.10300159553297805,0.05,0.10456827215173027,1,0,76.90880411799981
337,16.998781665228307,1,13,0.004697339544075113,0.18897005866776373,0.05,0.10164202850025433,1,0,76.99922052500006
338,15.062076603318564,1,18,0.009195264968061945,-0.45197876000559156,0.05,0.11839230451732874,1,0,77.10990704100004
339,14.700689715147018,1,19,0.009537917421970799,0.4921901020345276,0.05,0.12286679191808951,1,0,77.22191837299988
340,15.848740971507503,1,17,0.003578008516915143,-0.37383453696095137,0.05,0.11364821015911944,1,0,77.31811150399972
341,11.770676593552343,1,22,0.0020928784583591487,-0.7378066643066715,0.05,0.10505230149084871,1,0,77.4347866359999
342,17.745930478489026,1,10,0.0022823678425161753,-0.08037565456071982,0.05,0.10936114713549613,1,0,77.49478795799996
343,16.520970236649738,1,15,0.007427642869285156,-0.2828671537593265,0.05,0.10731837550799052,1,0,77.59876837599995
344,15.194281256222165,1,17,0.0024572134336568463,-0.4278932525448729,0.05,0.11287001257433611,1,0,77.73492368300003
345,16.753290825895967,1,14,0.011836817773272279,-0.23182093226796074,0.05,0.1108615802867072,1,0,77.82604151999976
346,14.607745494926348,1,18,0.00981833254741743,-0.49228599127485073,0.05,0.10631721073554622,1,0,77.9477314779997
347,10.902444558939896,1,23,0.0074370246449593225,-0.7844930875403272,0.05,0.11899991236303163,1,0,78.09762382200006
348,16.87333780573681,1,14,0.004642353727604104,0.2151310930556225,0.05,0.09385911428502627,1,0,78.18308681300005
349,11.009320198697969,1,23,0.015743197356699046,-0.7921217131713185,0.05,0.10651672793471295,1,0,78.36247913099987
350,15.292108911834656,1,18,0.0036268221403428225,-0.39741164597883893,0.05,0.09277421080817778,1,0,78.48259049499984
351,17.175431614369153,1,13,0.006818193488705077,-0.1913224072440327,0.05,0.0837091737641738,1,0,78.58094104299971
352,14.069250791030935,1,21,0.009508356161501696,0.4715074938798438,0.05,0.10202207930740856,1,0,78.70613397899979
353,12.55538707957603,1,21,0.0026415068264168395,-0.6839292897081937,0.05,0.10989704639429138,1,0,78.84348885400004
354,17.102209210023283,1,13,0.017589980179451736,-0.18827861896319553,0.05,0.10819683338587101,1,0,78.9243116419998
355,17.328785786102525,1,11,0.006429749275137037,-0.11389543417224801,0.05,0.11307791552760384,1,0,78.99736308000001
356,14.783932991465553,1,18,0.008992708450304976,0.48922166187765037,0.05,0.0977608027557532,1,0,79.1068091899997
357,15.781298991758376,1,17,0.006154291658765798,0.2900976486360971,0.05,0.10236284958527368,1,0,79.22176429299998
358,14.843890805076807,1,19,0.006974773659666755,-0.48144190244704177,0.05,0.09246672199744928,1,0,79.35315301899982
359,16.190685863187536,1,15,0.005854601943019788,0.3094094404689067,0.05,0.12161583304405213,1,0,79.51452093299986
360,15.735365766836914,1,17,0.007434393721069854,-0.3763168146004013,0.05,0.1258182904737837,1,0,79.65770553799985
361,14.455792132148053,1,19,0.007207718623506887,-0.5158283551552408,0.05,0.10531665159291342,1,0,79.80605411999977
362,16.335372673813254,1,16,0.006922855374703274,-0.3153530024276851,0.05,0.09948725276626647,1,0,79.92325921299971
363,11.279971728101373,1,23,0.008759165793972401,0.6202348658252193,0.05,0.10228178374793219,1,0,80.10725933999993
364,12.572980067087336,1,21,0.009552512109428424,-0.6824370999568526,0.05,0.12103286456494104,1,0,80.24439424499997
365,13.959046067949384,1,19,0.018214925763117562,-0.5441189858386393,0.05,0.10467916962347533,1,0,80.38681479599973
366,17.044491294166072,1,13,0.0031373318313289433,0.15844330465541723,0.05,0.10336124237913352,1,0,80.47108239999989
367,16.393521893396972,1,16,0.0028116766998079745,-0.3035979203386731,0.05,0.13230956252664328,1,0,80.59058485099968
368,17.446208578441293,1,12,0.007551883097846809,-0.07026616284148002,0.05,0.10559952491894364,1,0,80.67685376999998
369,13.370745828452346,1,20,0.005348562307427751,-0.6126297931326345,0.05,0.11410943511873484,1,0,80.84145598699979
370,16.06300291356747,1,16,0.010084831210119105,0.3224964595818036,0.05,0.12940281082410365,1,0,80.9464051609998
371,11.288195033418015,1,23,0.0006153080714851322,-0.7260472352508467,0.05,0.083274410146734,1,0,81.10370227999965
372,17.554060371383095,1,11,0.0015029994490594195,-0.08826435320557591,0.05,0.10528255914422599,1,0,81.17588707000004
373,20.433506407495585,1,27,0.00973997124555298,0.43093151128178375,0.05,0.13399415877130297,1,0,81.38038772399977
374,9.442298580519855,1,24,0.003968521032658545,-0.7964184959853485,0.05,0.11330808450778325,1,0,81.540589232
375,11.983629557199311,1,21,0.004676195078970546,0.7244943947235598,0.05,0.09675203866901852,1,0,81.69651152200004
376,16.323997410945594,1,15,0.009730895042355414,-0.28923658001027874,0.05,0.11664666707317034,1,0,81.80272227799969
377,11.373903085487836,1,22,0.011012022343213523,0.7604631706231897,0.05,0.1402964825657281,1,0,81.9564759699997
378,15.04703206080012,1,18,0.00291099772769704,0.44388281353523307,0.05,0.1159909726637933,1,0,82.07387036199998
379,14.554613646678627,1,18,0.014637215386341496,-0.5083852588598422,0.05,0.09753095917403698,1,0,82.18628229099977
380,16.941511878790333,1,13,0.0029241501566475148,0.19018300222442563,0.05,0.13874653325631067,1,0,82.27995227299971
381,17.26575219121296,1,13,0.0013527710831457707,0.1587236670826192,0.05,0.09319992678669783,1,0,82.39386067799978
382,15.658899788880081,1,16,0.001278624506952264,0.3910994776779382,0.05,0.1071817601332441,1,0,82.53021950099992
383,11.657551718899049,1,24,0.0062358512218508855,-0.6579271684516451,0.05,0.10678566464533408,1,0,82.705296482
384,17.79833300038008,1,10,0.005072573559934179,0.06543098616515497,0.05,0.11421686373651027,1,0,82.78741699400007
385,17.773713539517484,1,10,0.0038810399735901974,0.07390866950002228,0.05,0.12674245983362198,1,0,82.85476956399998
386,16.897904902021402,1,14,0.002063302505970671,0.22118461999264682,0.05,0.11320382303425244,1,0,82.98854103199983
387,17.714816529583185,1,10,0.005482716390517825,0.0832724258641303,0.05,0.11269338224083185,1,0,83.10478895200004
388,15.334159880899824,1,17,0.00768470981282654,0.3970156811622676,0.05,0.1253826626959969,1,0,83.25056155699986
389,11.13071029416751,1,23,0.0033235340746565756,-0.7074387048281253,0.05,0.10536963525025742,1,0,83.43721242399988
390,16.508533605234696,1,14,0.004644386234504222,0.2533006492090193,0.05,0.11133937218359538,1,0,83.554710118
391,16.911055757390567,1,13,0.0014313115697613121,-0.20838012424453167,0.05,0.13959715945216325,1,0,83.65769851599998
392,15.291619930602609,1,17,0.004447080467798348,-0.4279303711334649,0.05,0.11684894868556191,1,0,83.79062391399975
393,15.204482651525176,1,17,0.0006667751860743865,0.42162192935664167,0.05,0.11712896374656874,1,0,83.91518572299992
394,15.685248055952252,1,17,0.00047359908755523206,-0.3909203042044849,0.05,0.12626071142799714,1,0,84.05599338799993
395,15.615009110164829,1,17,0.0004469727024530301,-0.4037416292075312,0.05,0.14176200593219085,1,0,84.17332865899971
396,13.052634407859296,1,21,0.007292420450496828,0.5744934033323281,0.05,0.10912418001819224,1,0,84.30023269999992
397,11.277399294637144,1,23,0.012967905965557414,0.7547916257591396,0.05,0.12192771907733835,1,0,84.45448749699972
398,11.401258449972374,1,22,0.00025375422481577203,0.7618296195309382,0.05,0.10896459289572456,1,0,84.6787254410001
399,15.005550549921463,1,18,0.0024530965237636315,-0.4718978268684804,0.05,0.09409398130244678,1,0,84.795879883
400,17.27453354196623,1,11,0.00788345448606434,-0.1135858693926568,0.05,0.09352052787488158,1,0,84.87861370099972
401,12.420352245308457,1,21,0.01010991597760491,-0.6954657021264019,0.05,0.11710295923763797,1,0,85.02346333099968
402,14.224333474226295,1,19,0.004891246682358186,0.5188065501630059,0.05,0.10130149067232483,1,0,85.14350346099991
403,17.740418509021403,1,8,0.007968938550814028,0.04061811387484138,0.05,0.05424831947311759,1,0,85.1827474910001
404,15.605191238736733,1,17,0.033222224632174335,0.36779957081011583,0.05,0.11788014716961805,1,0,85.30062727099994
405,16.771450335159898,1,14,0.010188812213720061,0.22269722874543652,0.05,0.13609441476208822,1,0,85.40066574499997
406,11.613261904288082,1,22,0.002830195215635989,-0.7481507942999026,0.05,0.10812325817956166,1,0,85.55451317799998
407,12.086106290644967,1,22,0.003204130658883586,0.6226488377359849,0.05,0.10556819281456145,1,0,85.70691097899999
408,17.619613165914778,1,8,0.005467458883372071,-0.012224440268279735,0.05,0.11614057328552008,1,0,85.75481657299997
409,17.30123506220989,1,12,0.0029821380247579132,-0.1573846002111411,0.05,0.10849850842108329,1,0,85.82727623499977
410,11.679094725754112,1,22,0.009496983426490302,0.7353949698118358,0.05,0.11488941193304279,1,0,85.96704232299999
411,14.639395117387176,1,18,0.00992713394816852,-0.5036751774216692,0.05,0.1384313851594925,1,0,86.0784055629997
412,13.29806547438493,1,20,0.000892847856843626,-0.6193576978899268,0.05,0.11438594441860914,1,0,86.21988484799977
413,17.32325236660545,1,12,0.008680970625002588,-0.14626400890670743,0.05,0.12721791475390395,1,0,86.29326838599991
414,17.69960279094521,1,9,0.0017302773766793983,-0.04852280901637496,0.05,0.14266438782215118,1,0,86.35117313199999
415,16.94880020825658,1,13,0.004079929257429116,-0.19161921319397468,0.05,0.10841071834931007,1,0,86.43298396599994
416,17.19804874397814,1,13,0.007305474965574099,0.1855741088405587,0.05,0.10870921224928819,1,0,86.51435161099971
417,13.442284502740948,1,21,0.003157221267771848,0.5936207280969723,0.05,0.12155366742185184,1,0,86.67592972800003
418,10.675961608346551,1,23,0.019155099322987645,-0.7710275761003221,0.05,0.10637653951087724,1,0,86.83757147200004
419,13.010861655068584,1,23,0.005033272226448782,0.555671744417733,0.05,0.12606236225237016,1,0,87.00209081100002
420,13.37856969400309,1,20,0.0021342867284952494,0.6037865913127176,0.05,0.11934681665152311,1,0,87.1182590389999
421,12.828467458265369,1,20,0.0018426024792490558,0.6571877452393446,0.05,0.11623311564326286,1,0,87.24441532299988
422,17.56921766376472,1,10,0.002358085247132574,0.08406317649242934,0.05,0.1140420850366354,1,0,87.30517133700005
423,13.00089708409505,1,20,0.004959010270037867,0.6276280053904724,0.05,0.11678035147488117,1,0,87.43843448799998
424,14.620184733392671,1,18,0.008493593308244451,-0.5082793289789551,0.05,0.12723969813022348,1,0,87.609037317
425,17.592071098275483,1,9,0.022333322220925766,0.047065459264018394,0.05,0.12443414413266712,1,0,87.69617633899998
426,14.958613157510989,1,18,0.001733284897958376,0.4712483875721796,0.05,0.12315331347700623,1,0,87.8243387739999
427,17.827451243787074,1,8,0.006083342384694191,0.008121355996857815,0.05,0.16096311435103416,1,0,87.88169925900002
428,17.71098474613391,1,9,0.0028670977440846263,-0.061963949774017424,0.05,0.1578227322962549,1,0,87.94006288699984
429,17.106703265570104,1,13,0.0017151077757751598,-0.1625928937340545,0.05,0.11258481729489106,1,0,88.04660373499974
430,17.71328102598782,1,9,0.006342758789682601,0.0625189938690186,0.05,0.10807964619663027,1,0,88.2321020559998
431,15.072493803838732,1,17,0.006560422753479178,0.4332753245998171,0.05,0.12504236706916025,1,0,88.3835741439998
432,17.539852074673398,1,22,0.008020917518254844,0.4768355132126494,0.05,0.12904689689590174,1,0,88.60441249099995
433,12.240327274161974,1,21,0.0012956451035504024,-0.7063986355716193,0.05,0.13588493689894676,1,0,88.7999696500001
434,11.265880585380364,1,23,0.0013836781595993886,-0.7376954463216658,0.05,0.13377362635472548,1,0,88.97950648400001
435,14.176265360505203,1,19,0.004487639960311984,0.5435658401334347,0.05,0.12522183780215287,1,0,89.11266080099995
436,17.63878148337826,1,11,0.006316747774800485,-0.0929870019798894,0.05,0.15221642398021437,1,0,89.20647144799977
437,15.61396893877536,1,17,0.007845301748875655,-0.38705997664314523,0.05,0.1341832779786166,1,0,89.36123402699968
438,15.752079447126016,1,17,0.01344830620795473,0.386844535462493,0.05,0.11679564306841177,1,0,89.55360552699995
439,13.278335375478491,1,20,0.0020882789072725894,0.5864794368140775,0.05,0.11512299608439207,1,0,89.70743757899982
440,15.716314300405791,1,16,0.0022909934732091575,0.36230077111105397,0.05,0.13560143136419356,1,0,89.82250479300001
441,11.839864659239538,1,22,0.013495900013848372,-0.6249484892220943,0.05,0.13823622465133667,1,0,90.0210708730001
442,12.286000280454754,1,21,0.0004243537528266783,-0.7099847979981864,0.05,0.13578958064317703,1,0,90.25186520899979
443,17.693639043567238,1,10,0.011020400260776483,0.06476528381268398,0.05,0.13149681761860849,1,0,90.3473320979997
444,14.799163038795815,1,18,0.003639899847728778,0.4808452905563585,0.05,0.14753307319349712,1,0,90.49248629899967
445,17.801269960217176,1,8,0.008104423864725641,0.03139026968997205,0.05,0.15257724979892373,1,0,90.55771034200006
446,8.53011420816183,1,26,0.011693913477847984,-0.7787754968035531,0.05,0.1254003752166262,1,0,90.78591160999986
447,16.962896145670676,1,14,0.013142634975957801,0.2109102368225686,0.05,0.11912375768380505,1,0,90.89423980099991
448,18.645059769798536,1,21,0.008335830398947086,-0.3262344242988737,0.05,0.1280421886060919,1,0,91.0449527349997
449,15.290129164420069,1,17,0.0043420108420471615,0.42343566877916206,0.05,0.11952185762279174,1,0,91.1714556869997
450,17.335370922833683,1,12,0.0033970269731413427,0.14202301240682613,0.05,0.09644516184926033,1,0,91.26895066799989
451,13.677048732934054,1,19,0.0017585006335253395,0.5848176359994781,0.05,0.166024402176079,1,0,91.45264330000009
452,13.168774292350282,1,20,0.002651079565064829,0.6330780057525964,0.05,0.12547455597668886,1,0,91.67432820499971
453,17.07748734508641,1,13,0.0016036610480243685,0.18266905807566425,0.05,0.13852582442072722,1,0,91.78542659200002
454,10.963361788075417,1,24,0.001073375808984478,0.6818352703629842,0.05,0.1379352017926673,1,0,91.98752528499972
455,17.68026565889595,1,9,0.0035125844330534256,-0.05744995877667658,0.05,0.0733801687343253,1,0,92.06768029799969
456,14.977118218058603,1,18,0.014812232388526247,0.44388128685562167,0.05,0.14782726526674297,1,0,92.20133594699973
457,12.16357772233896,1,21,0.006734781459915129,0.7069076243001078,0.05,0.15389103167468593,1,0,92.39028947899988
458,17.448217900004238,1,11,0.008209685401244032,0.10678902889033104,0.05,0.12887052920731631,1,0,92.47567216399966
459,10.512585889082402,1,23,0.004609853503939609,0.7942821737003531,0.05,0.15353958859391834,1,0,92.66992658199979
460,13.791966553614476,1,19,0.0023737829481245143,-0.57664852730571,0.05,0.14021722384189306,1,0,92.83338033900009
461,17.35282515194267,1,12,0.003843980859714463,-0.1414270191414193,0.05,0.14907205974062285,1,0,92.9376923689997
462,11.120753053925,1,22,0.0006134520797606013,-0.779250345795632,0.05,0.13332332755354317,1,0,93.11433008999984
463,13.854917852021753,1,19,0.01824450416100931,0.5606767474901024,0.05,0.13103484999584525,1,0,93.26330163300008
464,16.306029491405933,1,16,0.006336400935498476,-0.3183066321197222,0.05,0.11731331190094352,1,0,93.38003694000008
465,15.852633261232404,1,16,0.0009566357209270793,-0.36966571185250424,0.05,0.15007252793293446,1,0,93.48623668999971
466,12.743547472078353,1,21,0.00409542096216009,0.5533723006055442,0.05,0.1447296380287125,1,0,93.63722774300004
467,16.921222763182595,1,13,0.0156602792308346,-0.19620719031318168,0.05,0.16900575734101808,1,0,93.7346429459999
468,17.458124976675027,1,11,0.002635526130531557,0.11534701446455031,0.05,0.14342191883108832,1,0,93.81789963799974
469,11.945399468461982,1,22,0.007564007730111011,0.7141743320066527,0.05,0.14578154208985242,1,0,93.97928131799972
470,14.422871099808255,1,19,0.005842838035125086,-0.5163614733731026,0.05,0.1563572036592584,1,0,94.11572950399977
471,17.024542538827518,1,13,0.001481192206931936,-0.18972478770819934,0.05,0.1517141925600859,1,0,94.21663930399973
472,16.352191246207802,1,15,0.006879514456125335,0.2831739589181479,0.05,0.14335715547204017,1,0,94.32851695199997
473,16.693567378865556,1,14,0.006708771115615353,0.25474217986306824,0.05,0.1229329789057374,1,0,94.45058335799968
474,12.630288416484836,1,21,0.01489129931964428,-0.6732600151705832,0.05,0.14684792696720078,1,0,94.65629588499996
475,15.057763354154304,1,17,0.001633687244529336,0.4503738360808385,0.05,0.1731577769798391,1,0,94.77752864099966
476,15.075413695981842,1,18,0.002208656166113765,-0.45497788776885656,0.05,0.14357693451974127,1,0,94.90695001999984
477,13.549220379744655,1,21,0.0005467362685621646,-0.5388391946698738,0.05,0.1661335084409941,1,0,95.06058479400008
478,15.75001875954913,1,16,0.0005771056301296928,-0.3582158501121068,0.05,0.15440737875178456,1,0,95.16433044299993
479,14.940333035960792,1,18,0.004209731074963974,0.46446669591722767,0.05,0.13204540498554707,1,0,95.29481582399967
480,11.34126404201379,1,23,0.007666430530817725,-0.7811144100782514,0.05,0.1085155547151099,1,0,95.47393226599979
481,10.710931215807797,1,23,0.003242623894273877,-0.7872265471960671,0.05,0.11931588735593401,1,0,95.66427275299975
482,12.982868349342606,1,20,0.012866070374322525,-0.6380409177071087,0.05,0.16372127030044795,1,0,95.81438427400008
483,15.569915629108436,1,17,0.009580454795196203,0.3886214273810433,0.05,0.1572208695990198,1,0,95.93045214699987
484,16.64941173363477,1,15,0.015834941730191815,-0.25734605657081144,0.05,0.154238560795784,1,0,96.04189819299972
485,17.70149335929891,1,8,0.0006201941907275493,0.020612478593886152,0.05,0.12106629647314548,1,0,96.11292116799996
486,13.28119522879133,1,20,0.0007225907834266243,0.6103851307240689,0.05,0.16523511651903391,1,0,96.26669129599986
487,13.432884166156875,1,20,0.0018736479805443462,-0.6059124461593521,0.05,0.16766759576275944,1,0,96.41471453099985
488,17.039072274719366,1,14,0.0061590244843152675,0.20392662633092606,0.05,0.12535098753869534,1,0,96.50885108400007
489,13.757507966284173,1,20,0.000667473340892788,0.536428072501258,0.05,0.1716776594519615,1,0,96.65204290599968
490,14.287993525276399,1,19,9.684841653756493e-06,-0.5355432153496342,0.05,0.14213021099567413,1,0,96.78777824200006
491,17.331975538376717,1,11,0.00044791586681769413,0.1044750364883944,0.05,0.13535844433036717,1,0,96.87869911999996
492,17.850515339151023,1,8,0.007229853124378318,-0.022166989477896082,0.05,0.13029929203912616,1,0,96.9416722369997
493,11.131872384157031,1,22,0.003935047715760698,0.7737855863822596,0.05,0.13381289716132663,1,0,97.11125174499966
494,14.999230475735384,1,18,0.0018210865982459246,-0.4725298367939981,0.05,0.11452991794794798,1,0,97.25171656199973
495,16.990031744225416,1,14,0.0012884718498772096,-0.22852677730239535,0.05,0.138845260654177,1,0,97.35147342599976
496,17.677828193292953,1,8,0.00755139094405808,0.04080522177107926,0.05,0.20336526911705732,1,0,97.40986581399966
497,10.839636235299984,1,24,0.0011531630394395753,-0.7706720075545521,0.05,0.13698099072401723,1,0,97.58843125699968
498,15.604493774240837,1,16,0.0041885359047731385,-0.38461121010467303,0.05,0.1279879747889936,1,0,97.692093656
499,15.6815239533782,1,16,0.005807959416074315,0.3747690004618067,0.05,0.14174519386142492,1,0,97.79115004000005
500,10.599550249334424,1,24,0.008426651088685233,0.7675692055221182,0.05,0.1394981142754356,1,0,97.97111429899996
501,17.48698447626375,1,9,0.01081130154994403,-0.056320210250108915,0.05,0.13386389282014635,1,0,98.05061247100002
502,16.613553183540354,1,15,0.00017239710387656482,-0.2745528045273794,0.05,0.14681357281903426,1,0,98.15013466499977
503,14.447282961639575,1,19,0.0022095340538699215,-0.47658867711098996,0.05,0.14180180057883263,1,0,98.27922309399992
504,15.303117900807411,1,17,0.004906104395868582,0.4231507861233268,0.05,0.14127768718582742,1,0,98.42683885799988
505,11.701787187372975,1,22,0.010601884552818075,-0.7446499074614943,0.05,0.11708390551873228,1,0,98.6064003739998
506,14.990533444145694,1,18,0.0031424877249388583,-0.4762723936380777,0.05,0.15553612924284405,1,0,98.73638165700004
507,12.551876405673102,1,20,0.006553749683904542,-0.6824598169366878,0.05,0.1295471460558474,1,0,98.8763963739998
508,16.413257968379185,1,15,0.008279584460340828,-0.2845495075073322,0.05,0.14927695207297803,1,0,98.99349699300001
509,11.56077163553564,1,22,0.005101420569248782,0.7413630791683019,0.05,0.17926048284227197,1,0,99.20127743400008
510,13.221994042489678,1,21,0.00145975339634985,-0.6042338058153643,0.05,0.1611281621846415,1,0,99.39466904399978
511,16.09771843298804,1,17,0.0017398025204756196,0.33516345271364134,0.05,0.14381263098295996,1,0,99.51544042299975
512,11.182911891647382,1,22,0.0029307100698238164,0.7849912772523866,0.05,0.16257388060065833,1,0,99.66866726199987
513,14.827439782069995,1,18,0.0014098539904323082,-0.45479392394250145,0.05,0.16491849534213543,1,0,99.81018523700004
514,20.04034188669175,1,25,0.002868932744695185,0.3721753245153754,0.05,0.14509083054959773,1,0,99.98569870399979
515,17.31705145315227,1,22,0.0027616699753438834,0.5096023170518931,0.05,0.1423673385923559,1,0,100.1439839159998
516,16.848313878383486,1,14,0.00367510910336577,0.24451134482385828,0.05,0.12600756782506192,1,0,100.24367472599988
517,14.168107915576547,1,18,0.00877400601916789,0.5228333272521022,0.05,0.15359826458411086,1,0,100.37047129599978
518,17.712805544008734,1,8,0.005113297923054871,-0.039483862439364414,0.05,0.09180877218022943,1,0,100.42326629599984
519,16.171353889163584,1,15,0.008839350369852061,0.31969001673649444,0.05,0.14666485687096914,1,0,100.53456172599999
520,16.77716973485076,1,14,0.003199513875454779,0.23475860442418117,0.05,0.1590091320020812,1,0,100.64583279199996
521,14.424818587198388,1,19,0.0007102862538433952,-0.5081629346193823,0.05,0.14498084136529973,1,0,100.88617166499989
522,16.607960809662472,1,14,0.004322237466913015,0.25873117485610075,0.05,0.14467023951666697,1,0,101.00983410599974
523,17.62501955165062,1,8,0.00650629799369834,-0.041485653195131755,0.05,0.18307851697318256,1,0,101.07439627899976
524,11.386212994158269,1,21,0.007749065840993219,0.7560141032986969,0.05,0.1645675769874028,1,0,101.24118662000001
525,16.696171105257235,1,14,0.00647242047781918,0.24455712635781746,0.05,0.21577220037579536,1,0,101.34375583199972
526,14.607397120224777,1,20,0.01627270237941575,0.4002928714240144,0.05,0.15448500793427228,1,0,101.51270627599979
527,14.216652431339025,1,20,0.00610666585523556,0.48356802140473487,0.05,0.1462987694889307,1,0,101.67797417799966
528,15.755521888006477,1,16,0.01275615961382498,0.35333453201001896,0.05,0.12473048537503928,1,0,101.78084547399976
529,16.155714317096862,1,15,0.008852803418387067,0.31378701141735776,0.05,0.1626602274676164,1,0,101.8776675009999
530,17.28462732236367,1,12,0.005966394111907941,0.16815688222443337,0.05,0.15266590006649494,1,0,101.95023714099989
531,14.2019844632101,1,19,0.00018584630476059516,-0.5410074193983256,0.05,0.159687970813952,1,0,102.07999717599978
532,17.87788496792782,1,8,0.0028750739270394197,0.0178501874977256,0.05,0.15525433304719627,1,0,102.18579330900002
533,12.793729225563585,1,20,0.007046984971651016,-0.6617697719664968,0.05,0.15393014829605817,1,0,102.3638238589997
534,14.632607212371658,1,19,0.001029514541777743,0.49802199976544226,0.05,0.17349225704215074,1,0,102.54732454699979
535,16.850051479740067,1,14,0.003550994716116529,0.24438723043660904,0.05,0.16663856272186553,1,0,102.66409794599986
536,16.98862372469157,1,14,0.0008821134061826608,-0.21677871837185114,0.05,0.1610778495669365,1,0,102.78379744099993
537,15.57873340989463,1,17,0.008157666815175879,-0.3967854425480871,0.05,0.15544962685774355,1,0,102.89504184099997
538,12.014772877423093,1,21,0.004950081692331354,-0.7281604527636185,0.05,0.18676500057890302,1,0,103.04084642199996
539,17.50989932026714,1,11,0.004870857001380083,0.10078365991911065,0.05,0.14816752448678017,1,0,103.11860485199986
540,15.137195488414726,1,17,0.011831440520012615,-0.42756318125756665,0.05,0.14727749675512314,1,0,103.22631680899985
541,12.344177058537024,1,20,0.0004361073449112851,-0.68349167397174,0.05,0.168165360763669,1,0,103.37209278299997
542,12.186960115772672,1,21,0.009843434404904983,0.7110457410377744,0.05,0.1552271983098416,1,0,103.51485686599972
543,15.902446660050192,1,17,0.0004335736225392628,-0.34730650889837433,0.05,0.17106947302818298,1,0,103.62300118699977
544,15.492682803503703,1,17,0.008601943007380985,-0.40569423927709014,0.05,0.13301551692626057,1,0,103.7417516229998
545,16.33550221780315,1,16,0.004494357629745649,-0.3164645888139694,0.05,0.14342288277111948,1,0,103.87084327699995
546,10.912524277540797,1,22,7.225248110498406e-05,0.7975323230469042,0.05,0.132754750888456,1,0,104.00967852199983
547,16.647748699854127,1,14,0.008482170226049968,0.2378871636417732,0.05,0.15561676051999843,1,0,104.0872249539998
548,16.000493148667736,1,16,0.004484576943865337,0.32464324256197963,0.05,0.12364572426304221,1,0,104.19714710700009
549,15.598026692285202,1,17,0.007393544569455401,-0.3196153711487723,0.05,0.17380696447456584,1,0,104.30864232999966
550,12.644172865804284,1,21,0.00916573197110393,-0.6750949068530425,0.05,0.14887924572186811,1,0,104.4522540439998
551,16.338437194202562,1,15,0.008638528867930484,0.27521468624367573,0.05,0.16311661812166373,1,0,104.55924546300002
552,15.701050997246057,1,16,0.015671433056353268,-0.3687755627312559,0.05,0.17238431610167027,1,0,104.66454424499989
553,17.459599389857612,1,12,0.006215881464205597,0.14386107431585415,0.05,0.15039631662269434,1,0,104.73806957399984
554,16.896936045530584,1,14,0.0042534969234992726,0.22450196137511136,0.05,0.14331419792558467,1,0,104.81420713999978
555,15.152905244054272,1,18,0.0013294611527357447,0.406770102936042,0.05,0.13706275593075487,1,0,104.93190577799987
556,17.809899128437973,1,29,0.010348861309592228,0.7717481166426181,0.05,0.16821801090805694,1,0,105.11173472699966
557,15.977317778777795,1,16,0.002497694720927479,0.3266301247849175,0.05,0.16229102504439652,1,0,105.24815947599973
558,15.01594659733819,1,17,0.008874851290579744,-0.4584774720324948,0.05,0.19012000061133327,1,0,105.39792507799984
559,14.250624551661893,1,18,0.00022511840182670717,0.5207397968666834,0.05,0.1551268364613255,1,0,105.57352499999979
560,15.749288855586201,1,16,0.012656565068633052,-0.3657606947435357,0.05,0.17020102334208786,1,0,105.70168063599976
561,14.14282929841429,1,20,0.013693670584884465,-0.4828431404951216,0.05,0.16301601156592369,1,0,105.84773807700003
562,15.170297792181373,1,17,0.007299084062648509,-0.4287804926943777,0.05,0.1746990671929191,1,0,105.96609511199995
563,13.240362508129328,1,20,0.00755717105317999,-0.6236063885603089,0.05,0.13863671822473406,1,0,106.11507725499996
564,15.112984261813107,1,17,0.007523793217176944,0.4389297853023322,0.05,0.15281473034444978,1,0,106.26163008200001
565,16.68386636986397,1,14,0.004368372145577282,0.23162780031099794,0.05,0.1803318794284548,1,0,106.36206806399969
566,17.765241229627282,1,8,0.0017729446442882706,0.021679879490225318,0.05,0.15794792957603931,1,0,106.41473370299991
567,16.14141225833446,1,16,0.008907366782718806,0.3298716421779888,0.05,0.12472455250099301,1,0,106.5244145429997
568,16.6547724975273,1,14,0.008932932139635058,-0.24057816845785995,0.05,0.16714304792029516,1,0,106.61954912600004
569,14.3274721423164,1,21,0.005661290481159931,0.3459142457155504,0.05,0.15970928896041142,1,0,106.77253016699979
570,12.996758543385658,1,21,0.012020738945355824,-0.5486819652144034,0.05,0.17013981033648765,1,0,106.905020444
571,14.051675135394907,1,19,0.005580721150572843,0.5318786465967855,0.05,0.16120406348062188,1,0,107.03978127599976
572,12.637523870542646,1,21,0.0005953428185789811,-0.675208164478462,0.05,0.13081204367890245,1,0,107.17814209700009
573,11.09213196290948,1,22,0.000595873266668212,0.7887331447931949,0.05,0.1837010339579799,1,0,107.32026492499972
574,16.58253337405622,1,17,0.00816663740568263,-0.16508567579388045,0.05,0.17284846645505988,1,0,107.43843885399974
575,10.977033470384777,1,22,0.005618651424216359,-0.7738384184813643,0.05,0.17457921159538356,1,0,107.608188445
576,17.53593157120049,1,9,0.006742692314554391,0.05714857025827769,0.05,0.18094167527225283,1,0,107.69904052099992
577,12.724977732042316,1,22,0.004532987567672397,-0.5716958745026143,0.05,0.1763277171518315,1,0,107.8752008409997
578,12.525260899856221,1,21,0.000781847241525746,0.6702132243126351,0.05,0.12985494307109288,1,0,108.00906544600002
579,17.707986406848068,1,8,0.00041829268202427106,0.03189333427247032,0.05,0.13054270390421152,1,0,108.06416510200006
580,14.644934228248895,1,18,0.009619404615850147,-0.5033674480893509,0.05,0.14826522912416193,1,0,108.19500072599976
581,12.076398201013216,1,22,0.0007433721267730009,-0.7260777906475453,0.05,0.1646423524414951,1,0,108.42066545099988
582,11.408726159285289,1,22,0.011899277884834691,-0.750784584407358,0.05,0.16382322096350518,1,0,108.6146132849999
583,17.39692876970512,1,12,0.0014610056117131953,-0.14067746237748813,0.05,0.15433214573810497,1,0,108.71344810699975
584,17.78070293146011,1,10,0.0001890892528683269,-0.07063697658133794,0.05,0.15485451519489288,1,0,108.7847031199999
585,14.166985922656021,1,19,0.002558299431133171,-0.5550887991191804,0.05,0.1496271787113265,1,0,108.91504137599986
586,11.406289986203774,1,22,0.006934743813736599,0.7624281384288718,0.05,0.1416334991173988,1,0,109.07607925699995
587,13.187191527686082,1,21,0.0007568436248512889,0.6127181882838497,0.05,0.15065229613156544,1,0,109.301091069
588,17.313225304335354,1,11,0.01171696263683425,0.10503219676991926,0.05,0.20674622465263714,1,0,109.498949799
589,13.349407882005835,1,20,0.0028360661451301006,0.6064021539574032,0.05,0.1596156358718872,1,0,109.96553189199994
590,12.789829166361596,1,21,0.00983595454496089,-0.6717546726160344,0.05,0.17768178312551408,1,0,110.26622747900001
591,12.713343028747477,1,21,0.009199010613082037,-0.666354649278231,0.05,0.1768134023462023,1,0,110.49951811699975
592,12.299418705515563,1,22,0.007980163712248078,0.686589251216912,0.05,0.14458365374329415,1,0,110.72600723799997
593,12.400686264410615,1,21,0.005742382675664626,0.6166735465439181,0.05,0.1950250370871453,1,0,110.99829287200009
594,16.905019077085306,1,13,0.0011171550129931707,-0.20227925360245036,0.05,0.1562377420755533,1,0,111.09760303599978
595,17.127051911037416,1,13,0.0055663526097828875,-0.17643036352369845,0.05,0.1677806586600267,1,0,111.28490260599983
596,16.28350686984031,1,16,0.004720293602110126,-0.3110747673147316,0.05,0.16798765072599053,1,0,111.4113995939997
597,12.692695217160507,1,21,0.009729251388270521,0.6587459980993426,0.05,0.14764790121643317,1,0,111.60137716999998
598,17.468396767182277,1,11,0.003128845423564383,0.1182987447737448,0.05,0.16278186372735284,1,0,111.73605909299977
599,12.544261541718152,1,21,0.006512778744566017,-0.6871602163609953,0.05,0.19276734796308337,1,0,111.9387456049999
600,17.481519509514328,1,11,0.009433727437729883,0.08769604609784698,0.05,0.18362774496728723,1,0,112.03301930899988
601,11.265533993346617,1,22,0.004637259779436187,-0.7641230670636544,0.05,0.169065097854896,1,0,112.25252209599967
602,16.5275985870976,1,15,0.0026219734539312534,0.2432434467673701,0.05,0.18503549632926783,1,0,112.36684464599966
603,17.13974554426968,1,13,0.015307478114236772,0.18443501000345552,0.05,0.1477137295385966,1,0,112.49019696000005
604,17.401775390142575,1,11,0.0020489329794739497,-0.11806500122169528,0.05,0.15921028567986054,1,0,112.59333985600006
605,17.5577156114392,1,11,0.003081240726114723,0.09144951590469375,0.05,0.1647897276350043,1,0,112.74030670399998
606,16.689154927711932,1,15,0.00857996934135169,0.2653231740285391,0.05,0.1595549782117208,1,0,112.87092543599965
607,15.602987094735726,1,17,0.010886223867904221,0.320193179189046,0.05,0.15761704129331253,1,0,113.01170528300008
608,17.637732155434787,1,8,0.003107715097492296,-0.031858448313883514,0.05,0.16763763432390988,1,0,113.07579612499967
609,12.614616917003877,1,20,0.013600283697608129,-0.6348741066112226,0.05,0.18898096457123756,1,0,113.30057713699989
610,15.854450627719052,1,18,0.009679825202741188,0.29710492623275675,0.05,0.1723926728591323,1,0,113.47896366299983
611,19.768083455984012,1,17,0.0035685041926667993,-0.1834310657615823,0.05,0.18703991700621211,1,0,113.6115209049999
612,16.369884126615943,1,15,0.008608917112042924,-0.28259679402700777,0.05,0.1638618422051271,1,0,113.74010976199997
613,17.567535859820055,1,10,0.0027454689983557046,-0.08103516690079382,0.05,0.15188368335366248,1,0,113.84109765799985
614,13.628935375413857,1,19,0.0014240285625833904,-0.581401066097436,0.05,0.20427356346657402,1,0,114.04552682399981
615,13.334585326351224,1,20,0.01093969356684732,0.5570175805163002,0.05,0.1635939920321107,1,0,114.21004253499996
616,12.228757407236845,1,23,0.01192707142619387,-0.580941650470088,0.05,0.1526783124908157,1,0,114.41224988899967
617,11.049253493640572,1,22,0.01020040592089555,-0.7819005291977037,0.05,0.1587877469983968,1,0,114.60013498099988
618,17.388564311340453,1,12,0.002963416856245654,-0.1387652648928681,0.05,0.14169644160817066,1,0,114.77593301399975
619,14.848588621616363,1,17,0.0022074309936122583,-0.4531252425101645,0.05,0.18307708663975492,1,0,114.8922739300001
620,12.000675739790314,1,21,0.004812384449942253,-0.7249166341932402,0.05,0.16101150587201118,1,0,115.07549761199971
621,11.190811358345673,1,22,0.0038814553151395037,-0.7788616292413851,0.05,0.18173685703765263,1,0,115.26202880999972
622,15.224208971345796,1,18,0.008363320489607695,0.4092888026080592,0.05,0.1656351230210728,1,0,115.44312787999979
623,15.792455459455958,1,16,0.0028107132222650044,-0.353262266190346,0.05,0.17114993289578706,1,0,115.6224868889999
624,15.152615207247436,1,18,0.020472923706421065,0.4226594388077076,0.05,0.17564885794288582,1,0,115.81280191299993
625,11.093334830342792,1,22,0.0018793595569054355,-0.7789060691188981,0.05,0.16555691679770296,1,0,116.18227214499984
626,17.79831167338416,1,10,0.005392079129587488,-0.06505580819888213,0.05,0.16880041137337684,1,0,116.31368629500002
627,12.253796494775452,1,20,0.0012200587136049768,-0.6901218299286912,0.05,0.1760700998827815,1,0,116.46972018999986
628,14.749824940133838,1,17,0.021925019623912856,-0.4573040104187218,0.05,0.15884033886387067,1,0,116.58978169600005
629,17.52234012093395,1,11,0.0028806457369898314,-0.09939211596725472,0.05,0.16262465546076948,1,0,116.66299963899974
630,17.25242384346202,1,13,0.006639916235407994,0.17576744812462675,0.05,0.1555528729580916,1,0,116.75610817100005
631,9.797868165071122,1,24,0.009116380681088554,0.7928825478570427,0.05,0.16312304868673286,1,0,116.91256071399994
632,16.824329188652335,1,14,0.005621207094192893,-0.2470183191200065,0.05,0.19435649245445216,1,0,117.01030347100004
633,13.835224897274747,1,21,0.001082302755181619,-0.5046738193692832,0.05,0.1450531062270914,1,0,117.18486577899967
634,20.60501715807477,1,27,0.007497113288005897,-0.369432917601104,0.05,0.13861813140964066,1,0,117.39137643699996
635,11.658166033064482,1,21,0.007885043628507837,-0.75436095695813,0.05,0.1533101052489309,1,0,117.54861169900005
636,17.888267693668602,1,8,0.0014203020032106002,-0.010387595503103086,0.05,0.1414699899032712,1,0,117.62120057699985
637,16.63966012193414,1,14,0.0016247799681664288,-0.23587368031835365,0.05,0.18690380666937148,1,0,117.75420117699969
638,10.874530532816426,1,23,0.005859011706273787,-0.7493927803080386,0.05,0.16470801603534949,1,0,117.9397290019997
639,17.85915031188633,1,8,0.0027939274517710874,-0.023682086664065793,0.05,0.1312355869449675,1,0,117.99421775199971
640,17.466226314450616,1,12,0.002147645312815749,-0.12311782509581304,0.05,0.18693785943711796,1,0,118.11365899599969
641,13.524996421393007,1,21,0.005772820753450869,0.5714997749735147,0.05,0.1620114396902777,1,0,118.24722260299995
642,17.117938249278815,1,13,0.0037454373011999997,0.19427664360073627,0.05,0.1988365174486087,1,0,118.32785620799996
643,17.40305909086019,1,12,0.002692385478090281,0.1359335999555945,0.05,0.16578428695599237,1,0,118.4032247199998
644,17.987861543893814,1,8,0.0015173069935963124,0.0015173069935963124,0.05,0.15065931994467974,1,0,118.4556759269999
645,13.365383338974787,1,20,0.013238843710052128,-0.5982352644931569,0.05,0.18980663567781447,1,0,118.5859282890001
646,10.318656693119555,1,23,0.011273578409380036,-0.7980902831846335,0.05,0.16893872375721516,1,0,118.72980762799989
647,13.95311035248451,1,18,0.01355426380950775,-0.5466337202869671,0.05,0.16091883182525635,1,0,118.83630270399999
648,10.847066195611843,1,23,0.0006127597192773226,0.7022228508032489,0.05,0.13360769819954169,1,0,118.97210786000005
649,14.337343819346279,1,18,0.007323652907150424,0.507368720055535,0.05,0.16645475228627524,1,0,119.08187157099974
650,11.51626841139514,1,21,0.004676366654234099,-0.7494896141324789,0.05,0.15843197082479796,1,0,119.23241866199987
